{
  "num_files": 14997,
  "avg_der": 0.0501646454864372,
  "avg_coverage": 0.9253804902034816,
  "avg_purity": 0.9503980423264199,
  "avg_f1": 0.9370009392851627,
  "std_der": 0.01729978696645311,
  "std_coverage": 0.043124344734310587,
  "std_purity": 0.02891714678119922,
  "std_f1": 0.02636757420294481,
  "model": "sensevoice-speechbrain",
  "total_processing_time": 3747.7675458041117,
  "total_audio_duration": 74985.0,
  "avg_rtf": 0.04998022999005283,
  "median_rtf": 0.049871825604927505,
  "min_rtf": 0.02000594041383074,
  "max_rtf": 0.07999589440716307,
  "evaluation_time": 55.56911873817444,
  "timestamp": "2025-11-28T13:51:49.042117",
  "checkpoint_file": "D:\\WORKSPACE\\VJ\\speaker-diarization\\realtime\\evaluation\\eval_results\\eval_sensevoice-speechbrain_checkpoint.csv"
}