{
  "num_files": 14997,
  "avg_der": 0.10008010826928972,
  "avg_coverage": 0.924857943301223,
  "avg_purity": 0.9502253297952847,
  "avg_f1": 0.9366520661440604,
  "std_der": 0.02892846363641866,
  "std_coverage": 0.043160510003798294,
  "std_purity": 0.028856273002497733,
  "std_f1": 0.026407287063063167,
  "model": "whisper-speechbrain",
  "total_processing_time": 12755.635846103813,
  "total_audio_duration": 74985.0,
  "avg_rtf": 0.1701091664480071,
  "median_rtf": 0.1701601270087128,
  "min_rtf": 0.14000157315814354,
  "max_rtf": 0.19999777240552236,
  "evaluation_time": 37.19863486289978,
  "timestamp": "2025-11-28T13:49:58.370584",
  "checkpoint_file": "D:\\WORKSPACE\\VJ\\speaker-diarization\\realtime\\evaluation\\eval_results\\eval_whisper-speechbrain_checkpoint.csv"
}