{
  "num_files": 14997,
  "avg_der": 0.9004007214703382,
  "avg_coverage": 0.925206514232822,
  "avg_purity": 0.5997703091559182,
  "avg_f1": 0.7257767948701198,
  "std_der": 0.05803179963542986,
  "std_coverage": 0.043356304678621074,
  "std_purity": 0.057491081033773477,
  "std_f1": 0.044446547941113,
  "model": "sensevoice",
  "total_processing_time": 6750.407352705234,
  "total_audio_duration": 74985.0,
  "avg_rtf": 0.09002343605661445,
  "median_rtf": 0.09008792026687182,
  "min_rtf": 0.060002093472790195,
  "max_rtf": 0.11999543626670309,
  "evaluation_time": 54.771427631378174,
  "timestamp": "2025-11-28T13:50:53.339999",
  "checkpoint_file": "D:\\WORKSPACE\\VJ\\speaker-diarization\\realtime\\evaluation\\eval_results\\eval_sensevoice_checkpoint.csv"
}