{
  "num_files": 14982,
  "num_successful": 14982,
  "num_failed": 0,
  "avg_der": 1.0,
  "avg_coverage": 0.0,
  "avg_purity": 0.0,
  "avg_f1": 0.0,
  "std_der": 0.0,
  "std_coverage": 0.0,
  "std_purity": 0.0,
  "std_f1": 0.0,
  "avg_wer": 5.0,
  "avg_cer": 1.9938556504805989,
  "std_wer": 0.0,
  "std_cer": 0.7313086509300762,
  "avg_rtf": 0.000901358945939293,
  "median_rtf": 0.0006494080331172307,
  "min_rtf": 0.00019038255500299016,
  "max_rtf": 0.0802704381108767,
  "std_rtf": 0.0016287587656817495,
  "model": "sensevoice-speechbrain",
  "total_processing_time": 98.0664324760437,
  "total_audio_duration": 108798.4236666671,
  "evaluation_time": 219.35726690292358,
  "timestamp": "2025-11-28T15:03:37.735740",
  "checkpoint_file": "D:\\WORKSPACE\\VJ\\speaker-diarization\\realtime\\evaluation\\eval_results\\eval_sensevoice-speechbrain_checkpoint.csv"
}