{
  "num_files": 14982,
  "num_successful": 14982,
  "num_failed": 0,
  "avg_der": 1.0,
  "avg_coverage": 0.0,
  "avg_purity": 0.0,
  "avg_f1": 0.0,
  "std_der": 0.0,
  "std_coverage": 0.0,
  "std_purity": 0.0,
  "std_f1": 0.0,
  "avg_wer": 4.0,
  "avg_cer": 1.327958317519127,
  "std_wer": 0.0,
  "std_cer": 0.41809859686319867,
  "avg_rtf": 0.0008198092270161917,
  "median_rtf": 0.0005956050054265115,
  "min_rtf": 0.0001796734717630529,
  "max_rtf": 0.0940253311005768,
  "std_rtf": 0.0017443818891813324,
  "model": "whisper-speechbrain",
  "total_processing_time": 89.19395160675049,
  "total_audio_duration": 108798.4236666671,
  "evaluation_time": 198.45097374916077,
  "timestamp": "2025-11-28T14:53:14.719872",
  "checkpoint_file": "D:\\WORKSPACE\\VJ\\speaker-diarization\\realtime\\evaluation\\eval_results\\eval_whisper-speechbrain_checkpoint.csv"
}