{
  "model": "sensevoice",
  "num_samples": 398,
  "avg_wer": 0.13885902602837713,
  "avg_cer": 0.10082195688490085,
  "avg_rtf": 1.4725767964344685,
  "median_rtf": 1.0693305292551327,
  "min_rtf": 0.3070581083764876,
  "max_rtf": 18.407233765330275,
  "timestamp": "2025-11-28T15:25:45.080021",
  "checkpoint_file": "D:\\WORKSPACE\\VJ\\speaker-diarization\\realtime\\evaluation\\eval_results\\eval_asr_sensevoice_checkpoint.csv"
}