{
  "num_files": 14982,
  "num_successful": 14982,
  "num_failed": 0,
  "avg_der": 1.0,
  "avg_coverage": 0.0,
  "avg_purity": 0.0,
  "avg_f1": 0.0,
  "std_der": 0.0,
  "std_coverage": 0.0,
  "std_purity": 0.0,
  "std_f1": 0.0,
  "avg_wer": 5.0,
  "avg_cer": 1.6309282365318143,
  "std_wer": 0.0,
  "std_cer": 0.5792982687339319,
  "avg_rtf": 0.0013452844267186005,
  "median_rtf": 0.0006354600407272647,
  "min_rtf": 0.0002005810771303524,
  "max_rtf": 0.11607884097785162,
  "std_rtf": 0.003525727230981965,
  "model": "sensevoice",
  "total_processing_time": 146.36482501029968,
  "total_audio_duration": 108798.4236666671,
  "evaluation_time": 402.0039978027344,
  "timestamp": "2025-11-28T14:59:57.815934",
  "checkpoint_file": "D:\\WORKSPACE\\VJ\\speaker-diarization\\realtime\\evaluation\\eval_results\\eval_sensevoice_checkpoint.csv"
}